,model,lesion,#TP @[ IoBB=0.50      | area=   all | maxDets= 30 ],#FP @[ IoBB=0.50      | area=   all | maxDets= 30 ],#FN @[ IoBB=0.50      | area=   all | maxDets= 30 ],Sensitivity@ [avgFP=0.5],Sensitivity@ [avgFP=1],Sensitivity@ [avgFP=2],Sensitivity@ [avgFP=4],"mFROC@[0.5,1,2,4]", Average Precision  (AP) @[ IoBB=0.50      | area=   all | maxDets= 10 ], Average Recall     (AR) @[ IoBB=0.50      | area=   all | maxDets= 10 ], Average Precision  (AP) @[ IoBB=0.50:0.95 | area=   all | maxDets= 30 ], Average Precision  (AP) @[ IoBB=0.50:0.95 | area=   all | maxDets=  1 ], Average Precision  (AP) @[ IoBB=0.50:0.95 | area=   all | maxDets=  5 ], Average Precision  (AP) @[ IoBB=0.50:0.95 | area=   all | maxDets= 10 ], Average Precision  (AP) @[ IoBB=0.50      | area=   all | maxDets= 30 ], Average Precision  (AP) @[ IoBB=0.75      | area=   all | maxDets= 10 ], Average Recall     (AR) @[ IoBB=0.50      | area=   all | maxDets= 30 ], Average Recall     (AR) @[ IoBB=0.50:0.95 | area=   all | maxDets=  1 ], Average Recall     (AR) @[ IoBB=0.50:0.95 | area=   all | maxDets=  5 ], Average Recall     (AR) @[ IoBB=0.50:0.95 | area=   all | maxDets= 10 ], Average Recall     (AR) @[ IoBB=0.50:0.95 | area=   all | maxDets= 30 ]
0,size512,all,95,512,176,0.5350076123138854,0.681831994790536,0.8315298238916093,0.9189323330700316,0.7418254410165157,0.1600313234634931,0.3547663071391885,0.09277792632559607,0.06486598223256662,0.0919516113938181,0.09272181224832286,0.159981498737211,0.08657194845480036,0.3547663071391885,0.14957597769462178,0.2584014968082765,0.2695659989727786,0.27099457040135005
0,size128,all,52,296,219,0.4205587770163416,0.5535786430299386,0.7195993174536355,0.8126000259577884,0.6265841908644261,0.07761298050988949,0.18986279257465696,0.04137018606272326,0.032001991873495075,0.04046761278064288,0.04137018606272326,0.07761298050988949,0.04007561946863337,0.18986279257465696,0.07557693154303323,0.1233863086066476,0.12835167657201554,0.12835167657201554
