,model,lesion,Early Stop,Fusion,#TP @[ IoBB=0.50      | area=   all | maxDets= 30 ],#FP @[ IoBB=0.50      | area=   all | maxDets= 30 ],#FN @[ IoBB=0.50      | area=   all | maxDets= 30 ],Sensitivity@ [avgFP=0.5],Sensitivity@ [avgFP=1],Sensitivity@ [avgFP=2],Sensitivity@ [avgFP=4],"mFROC@[0.5,1,2,4]", Average Precision  (AP) @[ IoBB=0.50      | area=   all | maxDets= 10 ], Average Recall     (AR) @[ IoBB=0.50      | area=   all | maxDets= 10 ], Average Precision  (AP) @[ IoBB=0.50:0.95 | area=   all | maxDets= 30 ], Average Precision  (AP) @[ IoBB=0.50:0.95 | area=   all | maxDets=  1 ], Average Precision  (AP) @[ IoBB=0.50:0.95 | area=   all | maxDets=  5 ], Average Precision  (AP) @[ IoBB=0.50:0.95 | area=   all | maxDets= 10 ], Average Precision  (AP) @[ IoBB=0.50      | area=   all | maxDets= 30 ], Average Precision  (AP) @[ IoBB=0.75      | area=   all | maxDets= 10 ], Average Recall     (AR) @[ IoBB=0.50      | area=   all | maxDets= 30 ], Average Recall     (AR) @[ IoBB=0.50:0.95 | area=   all | maxDets=  1 ], Average Recall     (AR) @[ IoBB=0.50:0.95 | area=   all | maxDets=  5 ], Average Recall     (AR) @[ IoBB=0.50:0.95 | area=   all | maxDets= 10 ], Average Recall     (AR) @[ IoBB=0.50:0.95 | area=   all | maxDets= 30 ]
0,clinical_convnext_base_sum_ap_3D,all,FROC,3D,143,984,128,0.6186123224868613,0.7296743846559346,0.8275697511073472,0.9104259036008384,0.7715705904627453,0.23632763890741817,0.5253613618020399,0.14825734529154236,0.09190775795907248,0.1391381355473195,0.14693516067076534,0.23740421011425347,0.13655316924811245,0.5407858243451464,0.16710228189889206,0.3440275882309781,0.4053549783549784,0.4233841807909605
0,clinical_convnext_base_sum_ap_1D_3D,all,FROC,1D+3D,158,1356,113,0.5247847478474784,0.7047764044074007,0.8569890005120147,0.9543431854604326,0.7602233345568317,0.2102536219360184,0.568034338542813,0.12504621188244133,0.08069186915029501,0.12108202784516785,0.12404317403738459,0.21148861218453574,0.11518139982084426,0.5895927801012547,0.17885134639371925,0.3822686917602172,0.42305114094944607,0.44097718101107936
0,baseline_convnext_base_ap,all,FROC,,137,878,134,0.5527982779827798,0.7455672160105061,0.8584633399650247,0.9543518576623798,0.7777951729051725,0.2234327641291586,0.503629760070438,0.13245169960997083,0.0950992233361266,0.12889902625468944,0.13249263040357784,0.22388554640794472,0.1249632961990282,0.5072661237068017,0.18841008144397975,0.33188186954288645,0.3635541859270673,0.3649481253210067
